4 cereal flakes, g,
5 cereal flakes, g,
7 cereal bread, loaf,
Adyghe cheese, g,
Amaretti cookies, g,
Antonovka apples, kg,
Arabian cakes, pcs.,
Armenian lavash, g,
BBQ sauce, g,
Baileys liqueur, g,
Birnele, ml,
Borodinsky bread, piece,
Brazilian nuts, g,
Brussels sprouts, g,
Burrata, g,
Butterfly pasta (farfalle) mini, g,
Chinese vegetable mixture, g,
Coca-Cola, Art. l.,
Creole seasoning, Art. l.,
Danish rye bread, g,
Demerara sugar, g,
Dijon mustard, g,
Dijon mustard with honey, g,
Dorblue cheese, g,
Dutch cheese, g,
Extra Virgin olive oil, g,
French mustard, g,
Greek yogurt, g,
Himalayan salt, g,
Imeretian cheese, g,
Imeretian saffron, g,
Indoor, pcs.,
Iranian dates, g,
Isabella grapes, kg,
Italian herbs, g,
Italian parsley, bunch,
Italian salami, g,
Italian tomato sauce, g,
Jamaican pepper, g,
Japanese panko babe, g,
Japanese rice, g,
Jerusalem artichoke, g,
Jerusalem artichoke syrup, glass,
Jubilee milk cookies, g,
Kahlua coffee liqueur, ml,
Kenyan beans, handful,
Kiwano, g,
Korean carrots, g,
Krasnodar sauce, g,
Kuban rice, g,
Madeira, g,
Mascarpone cheese, g,
Oreo cookies, g,
Panifarin, g,
Parma ham, g,
Peking cabbage, g,
Persian lavash round, g,
Philadelphia cheese, g,
Romano salad, g,
Roquefort, g,
Russian cheese, g,
Russian mustard, Art. l.,
Savoyardi cookies, g,
Serbian cheese, g,
Sichuan pepper, g,
Soviet champagne, glass,
St. John's wort, to taste,
Svan salt, g,
Swiss chard, g,
Swiss cheese, g,
Tabasco sauce, drop,
Thai basil, handful,
Thai eggplant, g,
Thai fish sauce, g,
Tuscan ketchup, art. l.,
Worcestershire sauce, g,
acacia honey, g,
adjika, g,
adjika green, g,
agar-agar, g,
agave syrup, g,
agram, g,
albukhara, pcs.,
alcohol, glass,
alcohol, g,
algae, g,
allspice, pinch,
allspice peas, g,
almehi, g,
almond essence, g,
almond extract, drop,
almond flour, g,
almond liqueur, g,
almond mass, g,
almond milk, g,
almond oil, g,
almond paste, g,
almond petals, g,
almond praline, g,
almond syrup, g,
almonds, g,
amaranth flour, g,
anchovies, g,
angler, g,
anise, to taste,
anise liqueur, ml,
anise seeds, g,
anise vodka, h. l.,
apple chips, glass,
apple cider vinegar, g,
apple essence, h. l.,
apple jam, g,
apple jam, g,
apple jam, g,
apple juice, g,
apple sauce, Art. l.,
apple syrup, art. l.,
apples, g,
apples golden, g,
apples of non-firm varieties, g,
applesauce, g,
apricot, g,
apricot jam, g,
apricot jam, g,
apricot juice, glass,
apricot puree, g,
apricots, g,
arborio rice, g,
argan oil, g,
arishta, g,
aromatic herbs, g,
artichokes, g,
artichokes in oil, g,
ashi, g,
asparagus, kg,
aspirin, pcs.,
assorted berry, g,
assorted fruit, g,
assorted meat, g,
assorted vegetables, g,
asterisk pasta, glass,
avocado, to taste,
avocado oil, g,
ayran, g,
baby food, g,
bacon, to taste,
badan, asterisk,
bagels, g,
baguette, g,
baked duck, g,
baked milk, g,
baked potatoes, g,
baking flour, g,
baking powder, g,
baking powder, h. l.,
baking powder, g,
balm, g,
balsam Riga black, Art. l.,
balsamic cream, glass,
balsamic sauce, Art. l.,
balsamic vinegar, glass,
balyk, g,
banana chips, a handful,
banana green syrup, ml,
banana liqueur, ml,
banana puree, g,
bananas, g,
barberry, g,
barley, g,
barley flakes, g,
barley groats, g,
basil purple, g,
basmati rice, g,
basturma, g,
bavette pasta, g,
bay leaf, g,
bean sprouts, g,
beans, g,
beans, g,
bearing, g,
beef, g,
beef brisket, kg,
beef casings, g,
beef heart, to taste,
beef liver, pcs.,
beef lungs, g,
beef marrow, pcs.,
beef neck, kg,
beef on the bone, g,
beef pulp, kg,
beef ribs, g,
beef shanks, g,
beef shoulder, g,
beef steaks, g,
beef steaks ribeye, g,
beef tenderloin, pcs.,
beef tongue, g,
beefsteak, pcs.,
beer, g,
beet, g,
beet leaves, g,
beet tops, g,
beets, g,
bell pepper, g,
bell pepper green, g,
bell pepper red, g,
bell pepper yellow, g,
berries, g,
berry jam, Art. l.,
berry jelly, g,
berry juice, g,
berry syrup, g,
bird cherry, g,
bird cherry flour, g,
biscuit, g,
biscuit biscuits, g,
biscuit biscuits, pcs.,
biscuit cake, g,
biscuit crumbs, g,
biscuit mix ready, package,
biscuit roll, g,
biscuits, g,
bitter chocolate with orange zest, g,
black bean sauce, Art. l.,
black caviar, g,
black coffee, g,
black currant, g,
black eye beans, g,
black grapes, g,
black olives, to taste,
black pepper, Art. l.,
black peppercorns, to taste,
black radish, pcs.,
black raisins, g,
black sesame, h. l.,
black syrup (molasses), g,
black tea, g,
black tea with spices, package,
black truffle, pcs.,
blackberry, g,
blackcurrant jam, g,
blackcurrant jam, g,
blood, ml,
blood sausage, g,
blue cheese, g,
blue cheese, g,
blueberries, g,
blueberry, g,
blueberry jam, glass,
boiled asparagus beans, g,
boiled beets, g,
boiled carrots, g,
boiled chestnuts, g,
boiled chicken, g,
boiled chicken breasts, g,
boiled condensed milk, Art. l.,
boiled egg yolks, pcs.,
boiled ham, g,
boiled lentils, Art. l.,
boiled pork, g,
boiled pork, g,
boiled potatoes, g,
boiled potatoes in their skins, g,
boiled red beans, glass,
boiled rice, g,
boiled sausage, g,
boiled squid, g,
boiled trout, g,
boiled veal, g,
boiled-smoked bacon, g,
boiled-smoked brisket, g,
boiled-smoked cervelat, g,
boiled-smoked ham, piece,
boiled-smoked ham, g,
boiled-smoked pork knuckle, g,
boiled-smoked pork shoulder, g,
boiled-smoked sausage, g,
boiling water, g,
boletus, g,
bones, g,
botarga, g,
bouillon cubes, g,
bouquet garni, bunch,
bourbon, g,
brain bones, g,
bran, g,
brandy, g,
bread, g,
bread crumb, g,
bread crumbs, g,
bread kvass, g,
bread mix 8 cereals, g,
breakfast dry pads, g,
bresaola, g,
brie cheese, g,
brine, g,
brioche buns, pcs.,
brisket, g,
broth, g,
brown rice, g,
brown rice and wild mix, g,
brown sugar, g,
brown tomatoes, g,
buckwheat, g,
buckwheat flakes, g,
buckwheat flour, g,
buckwheat honey, g,
buckwheat milk, glass,
buckwheat soba noodles, g,
buko cheese, g,
bulgur, g,
buns, g,
buns with sesame seeds, pcs.,
butter, g,
butter roll, g,
butterfly pasta (farfalle), g,
buttermilk, g,
butterscotch, g,
cabbage pickle, g,
cake jelly, packaging,
cake mix, pcs.,
calcium chloride, g,
calvados, g,
cancerous necks, g,
candied cherries confectionery, pcs.,
candied citron fruits, a handful,
candied citrus fruits, pcs.,
candied fruits, g,
candied ginger, Art. l.,
candied ginger, g,
candied lemon, g,
candied lemon peels, g,
candied orange peel, g,
candied violets, pcs.,
candies M & M's, g,
candy Korovka, g,
cane sugar, g,
canned apricots, g,
canned beans, g,
canned champignons, g,
canned cherries without pits, Art. l.,
canned chestnuts, g,
canned chickpeas, g,
canned corn, g,
canned cucumbers, pcs.,
canned fish, can,
canned fish, g,
canned fruits, g,
canned green beans, g,
canned green olives, jar,
canned green peas, g,
canned mango, g,
canned octopuses, g,
canned olives, g,
canned papaya in its own juice, g,
canned peach syrup, Art. l.,
canned peaches, g,
canned pear syrup, g,
canned pineapples, to taste,
canned red beans, g,
canned saury, can,
canned squid, g,
canned straw mushrooms, pcs.,
canned tomatoes, g,
canned tomatoes in their own juice with basil, g,
canned tuna, g,
canned white beans, g,
cannelloni, g,
capelin, g,
capelin roe, g,
capers, g,
capers in wine vinegar, g,
cappellini, g,
cappuccino, g,
carambola, g,
caramel, ml,
caramel pudding, g,
caramel sauce, g,
caramel with filling, g,
carbonade, g,
cardamom, g,
cardamom grain, tsp l.,
cardamom pods, pcs.,
carnaroli rice, g,
carob, g,
carp, g,
carp fillet, kg,
carrot puree, g,
carrots, g,
cashews, g,
catfish, g,
catfish fillet, g,
catfish fillet, g,
cauliflower, g,
caviar, g,
cayenne pepper, g,
cayenne red pepper, g,
cedar flour, g,
celery, g,
celery greens, g,
celery root, g,
celery salt, g,
celery seeds, tsp l.,
celery stalks, g,
cereal chocolate balls, handful,
cereal flakes, g,
champagne, g,
champignons, to taste,
chanterelles, g,
char fillet, pcs.,
chechil spaghetti, g,
cheddar, g,
cheese, g,
cheese Austria blue, g,
cheese slices, g,
cherry, g,
cherry, g,
cherry flavor, drop,
cherry food coloring, a pinch,
cherry jam, g,
cherry jam, g,
cherry jam, g,
cherry juice, g,
cherry leaves, g,
cherry liqueur, to taste,
cherry mashed with sugar, g,
cherry plum, g,
cherry syrup, glass,
cherry tincture, ml,
cherry tomatoes, g,
chestnut cream, g,
chestnut flour, g,
chestnuts, g,
chewing liquorice candies, g,
chia seeds, g,
chicken, g,
chicken bones, g,
chicken breasts, g,
chicken broth, g,
chicken carcass, g,
chicken carpaccio, g,
chicken drumsticks, g,
chicken eggs, g,
chicken fillet, g,
chicken for frying, kg,
chicken giblets, g,
chicken ham, g,
chicken hearts, g,
chicken legs, g,
chicken liver, g,
chicken pate, g,
chicken skin, g,
chicken soup set, kg,
chicken thighs, g,
chicken ventricles, pcs.,
chicken wings, g,
chickens, g,
chickens-gherkins, pcs.,
chickpea flour, g,
chickpeas, g,
chicory, h. l.,
chili pepper, g,
chili sauce, g,
chilli flakes, to taste,
chipotle ground, pinch,
chips, g,
chives, to taste,
chives, stem,
chocolate, g,
chocolate bars, g,
chocolate biscuit, g,
chocolate butter, g,
chocolate chips, g,
chocolate cookies, g,
chocolate drops, g,
chocolate flakes, g,
chocolate ice cream, ml,
chocolate liqueur, g,
chocolate mastic, g,
chocolate paste, g,
chocolate peas, g,
chocolate sauce, g,
chocolate syrup, g,
chocolate waffles, g,
chocolate with nuts, g,
chocolate-nut paste, g,
chocolates, g,
chokeberry, g,
chopped almonds, g,
chopped almonds, g,
chopped greens, g,
chopped lamb shank, g,
chopped parsley, g,
chopped pistachios, g,
chopped walnuts, g,
chorizo, g,
chum, g,
chutney mango, g,
ciabatta, piece,
cider, g,
cider vinegar, Art. l.,
cinnamon, g,
citric acid, g,
citrus freshly squeezed juice, ml,
citrus mustard, g,
clarified grape juice, h. l.,
clementines, g,
cloudberry, g,
cloves, g,
coarse brown sugar, g,
coarse flour, g,
coarse granulated sugar, g,
coarse salt, g,
cocktail cherry, g,
cocoa, a handful,
cocoa beans, g,
cocoa butter, g,
cocoa powder, to taste,
coconut cream, g,
coconut extract, g,
coconut flakes, g,
coconut flour, art. l.,
coconut liqueur, Art. l.,
coconut milk, g,
coconut oil, ml,
coconut water, glass,
coconuts, g,
cod, g,
cod fillet, g,
cod liver, g,
coffee beans, glass,
coffee beans in chocolate, g,
coffee drink, ml,
coffee extract, ml,
coffee liqueur, g,
coffee syrup, g,
cognac, g,
coho salmon, g,
cola, g,
cold smoked mackerel, g,
cold smoked salmon, g,
cold smoked sturgeon, g,
cold smoked trout, g,
colored coconut flakes, g,
compote, g,
concentrated milk, g,
condensed cocoa, can,
condensed milk, g,
condensed milk with cocoa, g,
confectionery beads, h. l.,
confectionery cream, g,
confectionery sprinkling, to taste,
confiture, to taste,
confiture, packaging,
"cookies ""Ladies fingers""", g,
cooking fat, g,
coriander, g,
coriander greens, g,
coriander seeds, g,
corn, g,
corn (golden) syrup, g,
corn chips, g,
corn flakes, g,
corn flour, g,
corn grits, g,
corn oil, g,
corn salad, bunch,
corn sticks, g,
corn tortillas, pcs.,
cornstarch, to taste,
cottage cheese, g,
cottage cheese, g,
cottage cheese 18%, g,
cottage cheese 2%, g,
cottage cheese 5%, g,
cottage cheese 9%, g,
couscous, g,
crab meat, g,
crab sticks, to taste,
crabs, g,
cracker, g,
crackers, to taste,
cranberries, g,
"cranberries, mashed with sugar", g,
cranberry jam, g,
cranberry jam, g,
cranberry juice, Art. l.,
cranberry sauce, g,
cranberry syrup, g,
crayfish, pcs.,
crayfish necks in brine, g,
cream, packaging,
cream 10-20%, g,
cream 15%, g,
cream 20%, g,
cream 33-35%, g,
cream cheese, g,
cream liqueur, g,
cream liqueur, g,
cream-fresh, g,
creamy margarine, g,
croissants, to taste,
croutons, g,
crucian carp, g,
crumb crumb, g,
cucumber pickle, glass,
cucumbers, g,
cumin, g,
cumin, g,
curd cheese, g,
curd cheeses, g,
curd mass, g,
curd paste, g,
curdled milk, g,
curly salad, g,
currant leaves, g,
curry, g,
curry leaves, g,
curry paste, package,
custard cream, g,
custard cream, g,
cuttlefish, g,
cuttlefish ink, g,
daikon, g,
dairy products, g,
dandelions, g,
dark beer, can,
dark bitter chocolate, g,
dark bitter chocolate 70%, g,
dark bitter chocolate 75%, h. l.,
dark bitter chocolate 85%, g,
dark malt, g,
dark rum, g,
dates, g,
deep fat oil, g,
dessert wine, g,
dill, g,
dill seed, h. l.,
ditaloni pasta, g,
dogwood, g,
dolma, g,
dorada, pcs.,
dorada carcass, pcs.,
dorada gutted with head, pcs.,
dorada with head, pcs.,
dough for pizza, pcs.,
dough for wontons, g,
dough kataifi, g,
dragee, g,
dragon fruit, pcs.,
dried apples, g,
dried apricots, to taste,
dried barberry, Art. l.,
dried basil, g,
dried berries, to taste,
dried celery root, to taste,
dried chamomile, g,
dried chanterelles, g,
dried cherries, g,
dried cilantro, g,
dried cranberries, g,
dried currants, g,
dried dill, g,
dried figs, g,
dried fish caviar, g,
dried fruits, g,
dried garlic, g,
dried lavender, a pinch,
dried lingonberry, g,
dried marjoram, g,
dried mint, g,
dried mulberry, g,
dried onions, g,
dried oregano, g,
dried parsley, g,
dried peaches, handful,
dried pears, g,
dried pineapples, g,
dried prunes, g,
dried raspberries, g,
dried rose buds, g,
dried rosemary, to taste,
dried sage, leaf,
dried sea cabbage, g,
dried shrimp, g,
dried strawberries, g,
dried sweet pepper, g,
dried tarragon, twig,
dried thyme, g,
dried thyme, g,
dried tropical fruits, to taste,
dry biscuits, g,
dry breakfast, g,
dry champagne, Art. l.,
dry chili, st. l.,
dry herbs, g,
dry jelly, g,
dry kvass concentrate, packaging,
dry morels, g,
dry mushrooms, g,
dry mustard, g,
dry porcini mushrooms, g,
dry red wine, g,
dry shiitake mushrooms, g,
dry sparkling wine, g,
dry vermouth, g,
dry white bread, g,
dry white wine, g,
dry yeast, to taste,
drying, g,
duck, to taste,
duck breast, g,
duck carcass, carcass,
duck fillet, g,
duck legs, to taste,
duck liver, g,
duck thighs, g,
dumplings, g,
dumplings dough, g,
ear pasta (orecchiette), g,
earl gray tea, glass,
early tkemali sauce, Art. l.,
edam, g,
eel, g,
egg melange, g,
egg noodles, g,
egg noodles in nests, pcs.,
egg powder, Art. l.,
egg whites, g,
egg yolks, g,
eggnog, glass,
eggplant, to taste,
elderberry syrup, art. l.,
elk meat, kg,
emmental, g,
escalope, g,
espresso coffee, glass,
eternal leaven, g,
exotic sauce, g,
fat, g,
fat, g,
fat cottage cheese, g,
fat cream, g,
fat sour cream, g,
fat tail fat, g,
fat tail fat, g,
fat yogurt, g,
fat-free cocoa powder, g,
fat-free cottage cheese, g,
fat-free kefir, g,
fat-free yogurt, g,
feijoa, g,
fennel, g,
fennel seeds, g,
fennel seeds ground, g,
fenugreek, g,
fenugreek seeds, g,
fermented baked milk, g,
fermented baked milk 4%, g,
fermented milk drink Tan, ml,
fern, g,
festoon, g,
feta, g,
feta cheese, to taste,
fetaki, g,
fetax, g,
fettuccine, g,
figs, g,
fillet of red perch, pcs.,
filo dough, g,
fish, g,
fish bones, g,
fish broth, g,
fish dory fillet, pcs.,
fish fillet, g,
fish sauce, g,
fish sauce Nam Pla, g,
"fish trimmings, heads, fins", to taste,
fish-salt, carcass,
flaked dried tomatoes, g,
flakes of 7 cereals, Art. l.,
flat cakes, g,
"flavor ""raspberry"" """"", drop,
"flavor ""rum"" """"", g,
flavoring, g,
"flavoring ""pineapple"" """"", to taste,
flax seeds, g,
flaxseed, g,
flaxseed flour, g,
flounder, g,
flounder fillet, g,
flour, g,
"flour ""Aladushkin""", g,
flour 1 grade, g,
flour for tempura, g,
flour grade 2, g,
flour with bran, h. l.,
flour with seeds, g,
flower pollen, g,
flying fish roe, g,
focaccia, to taste,
fontina cheese, g,
food black dye, g,
food color green, Art. l.,
food color yellow, g,
food dye, g,
food dye gel, pcs.,
food dye purple, g,
food orange dye, g,
forest berries, g,
forest mushrooms, g,
fortified wine, g,
fresh basil, g,
fresh broccoli, g,
fresh champignons, g,
fresh cilantro, clove,
fresh cucumbers, g,
fresh dill, g,
fresh figs, g,
fresh lake trout, pcs.,
fresh laurel leaves, pcs.,
fresh lingonberry, g,
fresh mackerel, g,
fresh marjoram, to taste,
fresh mushrooms, g,
fresh oregano, g,
fresh peas, g,
fresh pork sausage (salsiccia), pcs.,
fresh sage, bunch,
fresh salmon, g,
fresh salmon fillet, g,
fresh sorrel, twig,
fresh spinach, g,
fresh sprat, g,
fresh yeast, g,
freshly brewed coffee, g,
freshly ground black pepper, g,
freshly ground pepper mixture, g,
freshly ground white pepper, h. l.,
freshly salted salmon, g,
freshly squeezed orange juice, g,
freshly squeezed pomegranate juice, ml,
friable biscuits, g,
fried corn kikos, g,
frisse salad, g,
frozen Brussels sprouts, g,
frozen berries, g,
frozen blackberries, g,
frozen blueberries, g,
frozen blueberries, g,
frozen broccoli, g,
frozen cauliflower, g,
frozen champignons, g,
frozen cherries, g,
frozen corn, g,
frozen cranberries, g,
frozen forest berries, g,
frozen green beans, g,
frozen green peas, g,
frozen lingonberry, g,
frozen mushrooms, g,
frozen mushrooms, g,
frozen mushrooms (honey agarics and boletus), g,
frozen mussels, pcs.,
frozen plums, g,
frozen porcini mushrooms, g,
frozen potato hash, g,
frozen raspberries, g,
frozen sea buckthorn, g,
frozen sea cabbage, g,
frozen sea cocktail, g,
frozen shrimp, g,
frozen sorrel, g,
frozen spinach, g,
frozen squid, g,
frozen strawberries, g,
frozen strawberries, g,
frozen vegetable mixture, g,
frozen vegetable mixture for wok, g,
frozen young beans, g,
frozen zucchini, g,
fructose, g,
fruit, g,
fruit juice, g,
fruit juice without sugar, glass,
fruit syrup, g,
fruit yogurt, g,
funchose, g,
gala apples, g,
galangal root, lobule,
ganache, g,
garam masala, g,
garlic, g,
garlic oil, to taste,
garlic powder, g,
garlic salt, a pinch,
gazpacho, g,
gelatin, g,
gelatinous mastic, g,
gelling agent, packaging,
gelling sugar, g,
geranium leaves, g,
ghee, g,
gherkins, g,
gigli pasta, g,
gin, g,
ginger, g,
ginger beer, ml,
ginger jam, g,
ginger root, g,
gingerbread, g,
gingerbread cookie, to taste,
gingerbread dough, g,
gingerbread spices, g,
ginseng, g,
glass noodles, g,
glaze, g,
glaze black, to taste,
glaze white, g,
glazed corn flakes, g,
glucose, g,
glucose syrup, g,
gluten, g,
goat liver, g,
goat milk, g,
goat yogurt, g,
goji, g,
golden rice, g,
goose, g,
goose carcass, kg,
goose fat, Art. l.,
goose liver, g,
gooseberry, g,
gooseberry jam, jar,
gorgonzola, g,
gorgonzola picante, g,
gouda cheese, g,
goya cheese, g,
grain buns, pcs.,
grana padano, art. l.,
granite, g,
granny smith apples, kg,
granola with nuts, g,
granulated cottage cheese, g,
granulated sugar, g,
granulated sugar, g,
grape candy, g,
grape jelly, Art. l.,
grape juice, g,
grape leaves, g,
grape seed oil, g,
grape snails, pcs.,
grapefruit, g,
grapefruit juice, g,
grapefruit zest, g,
grapes, g,
grapes blue, g,
grappa, h. l.,
grated carrots, pcs.,
gratin, kg,
graviera cheese, g,
gray bread, g,
green apples, g,
green asparagus, g,
green beans, g,
green beans, g,
green buckwheat, Art. l.,
green chili, pod,
green coffee, g,
green lentils, g,
green marzipan, g,
green olives, to taste,
green onion, g,
green peas, g,
green radish, pcs.,
green tea, bag,
green tomatoes, kg,
greens, g,
grenades, g,
grenadine, g,
grill, g,
grissini, g,
ground allspice, g,
ground barberry, g,
ground beef, to taste,
ground black pepper, g,
ground caraway seeds, g,
ground cardamom, g,
ground cayenne pepper, a pinch,
ground chili pepper, g,
ground cinnamon, g,
ground cloves, to taste,
ground coffee, art. l.,
ground coriander, g,
ground crackers, g,
ground flaxseed, g,
ground ginger, g,
ground hot pepper, a pinch,
ground nutmeg, g,
ground pepperoncino, pinch,
ground poppy seeds, g,
ground quinoa, g,
ground red hot pepper, to taste,
ground red paprika, g,
ground red pepper, g,
ground saffron, h. l.,
ground sweet red pepper, g,
ground white pepper, g,
gruyere, g,
guanchiale, g,
guava, pcs.,
guinea fowl carcass, g,
guryev porridge, g,
haddock, pcs.,
hake, g,
hake fillet, g,
halibut, g,
halibut caviar, g,
halibut fillet, pcs.,
halloumi, g,
halva, g,
halva vanilla, g,
ham, g,
ham, g,
hamburger, g,
hamburger buns, pcs.,
hard cheese, g,
hard goat cheese, g,
hare, g,
harisa paste, art. l.,
hawarty cheese, g,
hazel grouse, g,
hazelnut flour, g,
hazelnuts, g,
hazelnuts, g,
head salad, g,
hemp oil, art. l.,
hemp seeds, g,
hercules, g,
herring, g,
herring, g,
herring fillet, g,
hibiscus, g,
homemade cheese, g,
homemade mayonnaise, g,
homemade sausages, pcs.,
homemade yeast, g,
honey, g,
honey mushrooms, to taste,
honeysuckle, g,
hops, art. l.,
hops-suneli, g,
horse mackerel, g,
horseradish, g,
horseradish mashed, g,
horseradish with cream, g,
hot green pepper, pcs.,
hot mustard, g,
hot pepper, g,
hot red pepper, g,
hot red pepper, g,
hot red sauce, g,
hot smoked coho salmon fillet, g,
hot smoked paprika, g,
hot smoked salmon, g,
hot smoked smelt, g,
hot smoked trout, g,
hot spanish pepper, pcs.,
hunting sausages, g,
ice, g,
ice cream, to taste,
ice cream sundae, g,
iceberg salad, g,
icing, g,
icing sugar, g,
instant cereal, glass,
instant coffee, g,
instant oat flakes, g,
instant polenta, glass,
intestine, g,
irga, g,
jalapeno pepper, g,
jam, g,
jam, g,
jam, g,
jamon, g,
jasmine rice, g,
jasmine tea, art. l.,
jelly, g,
jelly, g,
jugas cheese, g,
juice, g,
juniper berries, g,
jusai, g,
kaffir lime leaves, to taste,
kalamata olives, g,
kale cabbage, g,
kalindzhi seeds, h. l.,
kandurin gold, p. l.,
katyk, g,
kebab ketchup, g,
kefalotiri cheese, g,
kefir 1%, g,
kefir 2.5%, g,
kefir 3.2%, g,
kidneys, g,
kimchi, g,
king prawns, g,
kirsch, st. l.,
kiwi, kg,
kiwi jelly, g,
knuckle, to taste,
kohlrabi cabbage, g,
korinka, art. l.,
krill meat, g,
kumquats, a handful,
kupats, pcs.,
kvass, g,
kvass wort, g,
lady fish carcass, pcs.,
lamb, g,
lamb, g,
lamb chops on the bone, pcs.,
lamb entrecotes, kg,
lamb guts, kg,
lamb ham on the bone, piece,
lamb leg without bone, g,
lamb liver, g,
lamb loin, g,
lamb ribs, pcs.,
lamb rump, g,
lamb shanks, pcs.,
lamb shoulder, kg,
lamprey, g,
langoustines, pcs.,
lard, g,
lard with meat layers, g,
large carrots, g,
large egg yolks, g,
large leaf black tea, tsp l.,
large oranges, pcs.,
large shell pasta, g,
lavash, to taste,
lavender, g,
lavender dye, h. l.,
lavender honey, g,
leaf lettuce, g,
lean pork, g,
lecho, g,
leek, handful,
leg of lamb, g,
lemon basil, g,
lemon extract, g,
lemon ice cream, to taste,
lemon juice, g,
lemon pepper, g,
lemon thyme, twig,
lemon vinegar, g,
lemon zest, g,
lemonade, g,
lemongrass (lemon sorghum), g,
lemongrass berries, g,
lemongrass stem, g,
lemons, g,
lentils, g,
lettuce, g,
light beer, g,
light mayonnaise, g,
lightly salted cucumbers, pcs.,
lime, g,
lime juice, g,
lime leaves, pcs.,
lime zest, g,
limoncello, g,
lingonberry jam, g,
lingonberry sauce, g,
linguine, pcs.,
linseed oil, h. l.,
liqueur, g,
liqueur Alchermes, g,
liqueur Amaretto, g,
liqueur Cointreau, g,
liquid honey, g,
liquid malt, g,
liquid smoke, g,
liver, g,
liver, g,
loaf, g,
lobster, g,
long grain golden rice, g,
long grain rice, g,
long kong, pcs.,
longan, g,
lovage, g,
low-fat sour cream, g,
low-fat yogurt, g,
lungs, g,
lychee, pcs.,
lychee compote, g,
maasdam, g,
macadamia nuts, g,
macaroons, g,
mackerel, to taste,
mackerel fillet, g,
mackeroncini, g,
mafaldine, g,
malt, h. l.,
malt extract, g,
mango, to taste,
mango syrup, ml,
mangosteen, pcs.,
manitoba flour, g,
maple syrup, g,
maraschino cherry, pcs.,
marble cheese, g,
margarine, g,
marinated jalapeno peppers, pcs.,
marinated porcini mushrooms, g,
marinated sweet red pepper, pcs.,
marjoram, g,
marmalade, to taste,
marshmallow, g,
marshmallow cream, g,
marshmallow mini, g,
marshmallows, g,
martini, g,
martini red, g,
marzipan, to taste,
mascarpone, g,
mash, g,
mashed potatoes, to taste,
mastic, g,
match, g,
matsoni, g,
matzo, g,
mayonnaise, g,
"mayonnaise ""Sloboda"" Light", g,
"mayonnaise ""Sloboda"" Olive", g,
"mayonnaise ""Sloboda"" On quail eggs", g,
"mayonnaise ""Sloboda"" Provencal", g,
"mayonnaise ""Sloboda"" Smetanny", g,
"mayonnaise ""Sloboda"" With lemon juice", g,
"mayonnaise sauce ""Sloboda"" Lean", g,
meal, g,
meat, g,
meat broth, g,
meat on the bone, kg,
meatballs, g,
melissa, g,
melon, g,
melted fat, glass,
meringue, g,
meringue, pcs.,
microgreens, a handful,
milk, g,
milk 0.5%, g,
milk 1.5%, g,
milk 2.5%, g,
milk 3.2%, g,
milk 3.6%, g,
milk 4%, g,
milk 6%, g,
milk chocolate, g,
milk mixture, g,
millet, g,
millet flakes, Art. l.,
minced chicken, g,
minced chicken sausages, pcs.,
minced fish, g,
minced lamb, g,
minced meat, g,
minced meat (lamb and beef), g,
minced meat (pork and chicken), g,
minced mutton, g,
minced pork, g,
minced salmon, g,
minced turkey, g,
minced veal, g,
mini baguette, g,
mini bananas, g,
mini corn, pcs.,
mini eggplant, g,
mint, g,
mint chocolate, g,
mint schnapps, g,
mint syrup, g,
mirin sauce, to taste,
mirror carp, kg,
miso paste, g,
miso soup, packet,
mixture for pancakes, g,
molasses, g,
monosodium glutamate, g,
mortadella, g,
mozzarella, g,
mozzarella ball large, g,
mozzarella for baking, g,
mozzarella for pizza, g,
mozzarella mini, g,
mozzarella with herbs, g,
muesli, g,
mulberry, g,
mullet, g,
multivitamin juice, ml,
muscovado sugar, a handful,
mushrooms, g,
mussels, g,
mussels in shells, g,
mussels in shells, small green, g
mussels in shells are large black, g,
mustard, g,
mustard oil, g,
mustard powder, g,
mustard seeds, g,
mustard with grains, g,
mutton liver, g,
nardek, g,
narsharab sauce, g,
natural yoghurt, g,
neck, g,
nectarines, pcs.,
nettle, g,
non-acidic sour cream, g,
noodles, g,
nori, g,
nougat, g,
nougat with nuts, g,
nut butter, pcs.,
nut butter, Art. l.,
nut crumb, glass,
nut liqueur, ml,
nut sauce, Art. l.,
nutella, g,
nutmeg, g,
nutmeg wine, g,
nuts, g,
oak bark, g,
oat bran, g,
oat flakes, g,
oat flour, g,
oat grains, g,
oat milk, glass,
oat pancakes, pcs.,
oatmeal, g,
oatmeal cookies, g,
octopus, g,
octopus mini, g,
okra, g,
olive mayonnaise, g,
olive oil, g,
olive paste, g,
olives, g,
olives, g,
olives stuffed with anchovies, g,
onion, g,
onion peel, g,
onion powder, g,
orange essence, h. l.,
orange extract, h. l.,
orange jam, g,
orange jam, g,
orange jam with ginger, g,
orange juice, to taste,
orange liqueur, g,
orange peel, g,
orange syrup, glass,
orange vinegar, Art. l.,
orange water, g,
oranges, g,
oregano, g,
oregano, g,
orzo pasta, g,
oxtail, g,
oyster mushrooms, g,
oyster sauce, tsp l.,
oysters, g,
padron pepper, g,
paella seasoning, to taste,
pagra, g,
palm oil, g,
palm sugar, g,
pancake flour, g,
pancetta, g,
paneer cheese, g,
panettone, pcs.,
pangasius, g,
papaya, g,
pappardelle, g,
paprika, g,
parboiled rice, g,
parboiled rice and wild mix, g,
parmesan, g,
parsley, g,
parsley greens, g,
parsley root, g,
parsnip, g,
partridges, g,
passion fruit, g,
pasta, g,
pasta, g,
pasta bows, g,
pasta bucatini, g,
pasta dough, g,
pasta dough for lasagna, g,
pasta horns (pipe rigate), g,
pasta seasoning, to taste,
paste, g,
pastila, g,
pate, g,
pea soup, g,
pea sprouts, a handful,
peach jam, g,
peach juice, g,
peach marmalade, Art. l.,
peach puree, g,
peach syrup, ml,
peaches, g,
peanut butter, g,
peanut butter, g,
peanuts, g,
pear juice, g,
pear liqueur, ml,
pear puree, g,
pear syrup, ml,
pear vinegar, Art. l.,
pearl barley, g,
pearl barley flour, g,
pearl couscous, glass,
pearl sugar, g,
peas, g,
pecans, g,
pecorino, g,
pectin, g,
peeled almonds, g,
peeled chestnuts, g,
peeled cuttlefish, g,
peeled pistachios, g,
peeled shrimp, g,
peeled shrimp in brine, g,
peeled unsalted pistachios, a handful,
penne, g,
penne rigate, g,
peperoncino, h. l.,
pepper, g,
pepper paste, tsp l.,
peppercorns, g,
peppercorns mixture, g,
pepperoni pepper, g,
perch, g,
perch fillet, g,
perch sea fillet, g,
persimmon, g,
pesche mignon cheese, g,
pesto sauce, to taste,
pheasant, g,
physalis, to taste,
pickle from capers, Art. l.,
pickle from olives, Art. l.,
pickled apples, pcs.,
pickled artichokes, g,
pickled capers, g,
pickled champignons, g,
pickled chili peppers, to taste,
pickled cucumbers, jar,
pickled cucumbers, g,
pickled gherkins, g,
pickled ginger, g,
pickled grape leaves, g,
pickled mushrooms, g,
pickled mushrooms, g,
pickled onions, g,
pickled pepper, g,
pickled tomatoes, pcs.,
pigeon, g,
piglet, kg,
pike, g,
pike fillet, g,
pike perch, g,
pike perch caviar, g,
pike perch fillet, g,
pike perch fillet on the skin, g,
pine nut oil, g,
pine nuts, g,
pine nuts, g,
pineapple juice, g,
pineapple syrup, g,
pineapples, g,
pink grapefruits, g,
pink marzipan, g,
pink peppercorns, g,
pink petals, g,
pink salmon, to taste,
pink salmon caviar, g,
pink salmon fillet, g,
pink salmon in its own juice, can,
pinto beans, g,
pistachio flour, g,
pistachio oil, g,
pistachio paste, g,
pistachios, g,
pita, to taste,
pitted Iranian dates, pcs.,
pitted dates, glass,
pitted olives, g,
pitted olives, g,
pitted prunes, g,
pitted raisins, g,
pitted smoked prunes, g,
plum jam, g,
plum jam, g,
plum liqueur, Art. l.,
plum paste, g,
plum sauce, g,
plum wine, g,
plums, kg,
polenta, to taste,
pollock, g,
pollock, g,
pollock fillet, g,
pollock fillet, g,
pollock liver, g,
pomegranate juice, g,
pomegranate paste, Art. l.,
pomegranate sauce, tsp l.,
pomegranate seeds, g,
pomegranate syrup, g,
pomelo, g,
popcorn, g,
poppy, g,
poppy seed, pack,
porcini mushrooms, g,
pork, g,
pork belly, g,
pork belly, g,
pork cheeks, pcs.,
pork chops, g,
pork chops on the bone, g,
pork cutlets on the bone, pcs.,
pork ears, pcs.,
pork fat, pcs.,
pork fillet, g,
pork flank, kg,
pork head, g,
pork heart, g,
pork knuckle, to taste,
pork legs, g,
pork liver, g,
pork loin, g,
pork loin on the bone, g,
pork lungs, g,
pork neck, piece,
pork pulp, g,
pork ribs, g,
pork tenderloin, g,
pork tongue, g,
pork with fat, g,
porridge, g,
porridge for baby food, g,
port wine, g,
portobello, g,
potato, g,
potato broth, g,
potato chips, g,
potato flakes, g,
potato gnocchi, g,
potato starch, g,
powdered milk, g,
powdered orange sugar, g,
powdered sugar vanilla, g,
prickly pear fruits, g,
processed cheese, g,
processed chocolate cheese, g,
prosciutto, g,
prosecco, ml,
provencal herbs, g,
provola cheese, g,
provolone, g,
prunes, g,
psyllium, g,
ptitim, g,
pudding, g,
pudding vanilla instant, packaging,
puff pastry, g,
pumpkin, g,
pumpkin oil, pcs.,
pumpkin puree, g,
pumpkin seeds, g,
puree, to taste,
purslane, g,
quails, carcass,
quince, to taste,
quince puree, g,
quinoa, g,
rabbit, g,
rabbit carcass, g,
rabbit fillet, g,
rabbit liver, g,
radicchio, pcs.,
radish, g,
radish, g,
raisins, g,
raisins white, g,
rambutan, g,
rapana, g,
rapeseed oil, to taste,
raspberries, g,
"raspberries, mashed with sugar", glass,
raspberry cream, g,
raspberry ice cream, g,
raspberry jam, g,
raspberry jam, g,
raspberry jelly, g,
raspberry puree, g,
raspberry sauce, tsp l.,
raspberry syrup, tsp l.,
raspberry tea, g,
raspberry vinegar, ml,
ready dough, g,
ready-made glaze, to taste,
ready-made pancakes, g,
ready-made salad dressing, g,
red apples, pcs.,
red beans, g,
red cabbage, g,
red caviar, g,
red chili, pod,
red currant, g,
red currant jam, g,
"red currant, mashed with sugar", Art. l.,
red fish, g,
red fish fillet, g,
red food coloring, g,
red kidney beans, g,
red lentils, g,
red mullet, g,
red onion, to taste,
red orange juice, ml,
red oranges, pcs.,
red paprika, art. l.,
red pepper, g,
red pepper flakes, a pinch,
red pepper peas, g,
red pepperoni pepper, pcs.,
red perch fillet, g,
red rice, g,
red shallots, pcs.,
red tea, g,
red wine, g,
red wine sauce, g,
red wine vinegar, tsp l.,
refined sugar, g,
refined sugar with cinnamon, g,
refined vegetable oil, g,
regan, twig,
rennet, h. l.,
rhubarb, g,
rice, g,
rice balls, g,
rice devzira, g,
rice flakes, g,
rice flour, g,
rice for pilaf, g,
rice for pudding, g,
rice for risotto, g,
rice for sushi, g,
rice indica, g,
rice italica, g,
rice milk, ml,
rice noodles, g,
rice paper, g,
rice starch, art. l.,
rice vinegar, to taste,
rice viola, g,
rice wine, h. l.,
ricotta, g,
ricotta hard, g,
rigatoni, g,
ripe persimmon, g,
risoni pasta, g,
roast beef, g,
roasted almonds, g,
roasted peanuts, g,
roasted pine nuts, g,
roll, piece,
rooibos tea, art. l.,
roots, to taste,
rose water, g,
rosehip, g,
rosehip syrup, g,
rosemary, pcs.,
roses, g,
round grain rice, g,
rucola, g,
rudd, pcs.,
ruff, g,
ruff-noar, pcs.,
rum, bottle,
rum extract, h. l.,
runny, g,
rutabaga, g,
rye, g,
rye bran, g,
rye bread, g,
rye buns, piece,
rye crackers, g,
rye flour, g,
rye sourdough, g,
saffron, g,
saffron thread, pcs.,
sage, g,
sake, art. l.,
salad, g,
salad dressing, to taste,
salad mix, g,
salad onions, pcs.,
salad shrimps, g,
salami, g,
salmon, g,
salmon, g,
salmon caviar, g,
salmon fillet, g,
salmon fillet, g,
salmon fillet on the skin, g,
salmon fillet on the skin, g,
salmon milk, g,
salmon steak, pcs.,
salmon steak, g,
salmon steaks, g,
salsa, g,
salsa verde, pt. l.,
salt, g,
salted caramel, g,
salted cracker, g,
salted curd cheese, g,
salted fern, packing,
salted herring, pcs.,
salted mushrooms, g,
salted peanuts, g,
salted red fish, g,
salted salmon, g,
sambal oelek sauce, tsp l.,
sandwich bread, g,
sandwich marmalade, g,
sardines, g,
sardines in oil, jar,
satsebeli sauce, g,
sauce, g,
sauerkraut, to taste,
saury, g,
sausage, g,
sausage cheese, g,
sausages, g,
sausages, g,
sausages, g,
sausages for frying, g,
savory, g,
savoy cabbage, g,
scallops, kg,
scamorza cheese, g,
schnapps, g,
sea ​​bass, g,
sea ​​bass, g,
sea ​​buckthorn, g,
sea ​​buckthorn syrup, glass,
sea ​​cabbage, to taste,
sea ​​cocktail, g,
sea ​​cocktail in oil, packaging,
sea ​​fish, g,
sea ​​salt, g,
seafood, pcs.,
seasoning 4 peppers, g,
seasoning 5 spices (five spice), tsp l.,
seasoning for chicken, g,
seasoning for fish, g,
seasoning for lamb, Art. l.,
seasoning for marinating pork, to taste,
seasoning for meat, g,
seasoning for pilaf, g,
seasoning for pizza, tsp l.,
seasoning for potatoes, g,
seasoning for poultry, Art. l.,
seasoning for seafood, to taste,
seasoning with dried mushrooms, tsp l.,
seasonings, g,
seedless grapes, g,
seeds, g,
seeds mixture, Art. l.,
self-rising flour, g,
semi-dry red wine, g,
semi-dry rose wine, g,
semi-dry white wine, g,
semi-hard cheese, g,
semi-smoked sausage, g,
semi-sweet chocolate, g,
semi-sweet red wine, g,
semi-sweet rose wine, Art. l.,
semi-sweet white wine, g,
semolina, g,
semolina, g,
senegalese pepper, to taste,
serum, g,
sesame bread, piece,
sesame flour, g,
sesame oil, g,
sesame paste, g,
sesame seeds, g,
sesame seeds, to taste,
shallots, g,
shark steaks, g,
sheep cheese, g,
sheet gelatin, to taste,
shell pasta (conchiglie rigate), g,
shell pasta (conchiglie), g,
shellfish, g,
sherry, glass,
sherry vinegar, tsp l.,
shiitake mushrooms, g,
shirataki noodles, g,
shortbread cookies, g,
shortbread dough, to taste,
shortening, glass,
shrimp, g,
side dish, g,
silver confectionery beads, to taste,
skimmed milk powder, Art. l.,
slightly salted herring, g,
slightly salted salmon, g,
slightly salted trout, g,
slightly salted trout, g,
small croutons, g,
small onions, g,
small pasta, g,
small red fish caviar, g,
small sardines, pcs.,
smelt, g,
smoked bacon, g,
smoked brisket, to taste,
smoked cheese, g,
smoked chicken, g,
smoked chicken breasts, g,
smoked chicken drumsticks, pcs.,
smoked chicken legs, g,
smoked eel, g,
smoked fish, g,
smoked fish fillet, g,
smoked goose breast, g,
smoked ham, g,
smoked lard in pepper, g,
smoked lard with meat layers, g,
smoked meats, g,
smoked mussels in oil, g,
smoked paprika, art. l.,
smoked pork knuckle, g,
smoked pork loin, g,
smoked salmon, g,
smoked salmon, g,
smoked sausage, g,
smoked sausages, g,
smoked sausages, g,
smoked scamorza cheese, g,
smoked suluguni, g,
smoked sweet paprika, g,
smoked tea lapsang sushong, g,
smoked turkey, g,
snails, g,
snow crab, to taste,
snowball, l,
soda, g,
soft cheese with mold, g,
soft cottage cheese, g,
soft goat cheese, g,
sole, g,
sole fillet, g,
soup set, g,
sour berry sauce, g,
sour cream, g,
sour cream 10%, g,
sour cream 15%, h. l.,
sour cream 18%, g,
sour cream 20%, g,
sour cream 25%, g,
sour cream 30%, g,
sour cream 35%, g,
soy, g,
soy flour, g,
soy milk, g,
soy protein isolate, g,
soy sauce, g,
soybean oil, g,
soybean sprouts, g,
spaghetti, g,
spaghetti No. 3, g,
spaghetti No. 5, g,
spaghetti lungi, g,
sparkling mineral water, g,
speck, g,
spelled, g,
spelled, glass,
spelled (spelled) flour, g,
spices, g,
spices, g,
spicy herbs with pepper, tsp l.,
spicy ketchup, to taste,
spicy sauce, g,
spicy tomato sauce, g,
spinach, g,
spiral pasta (fusilli), g,
spirulina powder, g,
split peas, g,
sprat, g,
sprats, g,
sprats in oil, g,
spread, g,
sprouted mung beans, g,
squash, g,
squid, g,
squid fillet, pcs.,
star anise, g,
star anise, pinch,
starch, g,
starch syrup, g,
stevia sugar substitute, g,
stew, g,
still mineral water, glass,
stracatella, g,
straw, g,
strawberries, to taste,
strawberries in syrup, g,
"strawberries, mashed with sugar", g,
strawberry, g,
strawberry compote, glass,
strawberry curd, g,
strawberry ice cream, g,
strawberry jam, g,
strawberry jam, g,
strawberry liqueur, g,
strawberry puree, g,
strawberry syrup, g,
strong alcohol, Art. l.,
stuffing box, g,
sturgeon, g,
sugar, g,
sugar bone, g,
sugar confectionery decorations, a handful,
sugar cookies, g,
sugar pearls, g,
sugar substitute, to taste,
sugar syrup, g,
suluguni, g,
sumac, g,
sun-dried tomatoes, to taste,
sun-dried tomatoes in oil, g,
sunflower halva, g,
sunflower oil, g,
sunflower seeds, g,
sweet apples, g,
sweet chili sauce, tsp l.,
sweet cookies, g,
sweet green pepper, g,
sweet orange pepper, g,
sweet paprika, g,
sweet paprika with flakes, tsp l.,
sweet pepper, g,
sweet potato, g,
sweet red pepper, g,
sweet red wine, g,
sweet white wine, g,
sweet yellow pepper, g,
sweets, g,
sweets Truffle, g,
swordfish, g,
syrup, g,
table vinegar, g,
tagliatelle, g,
tagliatelle nests, pcs.,
tagliolini, g,
tahini paste, g,
talejo, g,
tamarind, pcs.,
tamarind paste, h. l.,
tangerine candied fruits, g,
tangerine juice, g,
tangerine puree, g,
tangerines, to taste,
tangerines in their own juice, g,
tapioca, g,
tarragon, g,
tarragon, g,
tartar, pinch,
tartare, art. l.,
tartlets, to taste,
tequila, glass,
teriyaki sauce, g,
tete de moine cheese, g,
thick rye sourdough, g,
thick strawberry jam, ml,
thickener for cream, g,
thin pita bread, layer,
thyme, handful,
thyme, g,
thyme fresh, to taste,
tiger shrimps, g,
tilapia, g,
tilapia fillet, g,
tilsiter, g,
titanium dioxide, g,
tkemali, g,
tkemali noble sauce, g,
tkemali sauce, glass,
tofu, g,
tomato concentrate, g,
tomato juice, g,
tomato ketchup, g,
tomato paste, g,
tomato powder, g,
tomato puree, g,
tomato sauce, g,
tomato sauce with basil, g,
tomatoes, g,
tomatoes mashed trade wind, g,
tonic, bottle,
tonka beans, pcs.,
tortillas, to taste,
tortilloni, g,
transfer sheet for chocolate, pcs.,
trout, g,
trout fillet, g,
trout steaks, pcs.,
truffle, g,
truffle chips, g,
truffle oil, Art. l.,
tuna, to taste,
tuna fillet, g,
turkey, g,
turkey breast, g,
turkey carcass, pcs.,
turkey drumstick, g,
turkey fillet, g,
turkey liver, g,
turmeric, g,
turnip, g,
turnip white, pcs.,
uhurt, g,
uncooked smoked bacon, g,
uncooked smoked ham, g,
uncooked smoked sausage, g,
uncooked smoked sausages, pcs.,
unfiltered beer, g,
unleavened dough, g,
unrefined vegetable oil, glass,
unripe spelled, g,
utskho-suneli, g,
vanilla essence, g,
vanilla extract, to taste,
vanilla ice cream, g,
vanilla in pods, g,
vanilla powder, g,
vanilla pudding, g,
vanilla sugar, g,
vanilla syrup, g,
vanilla tincture, Art. l.,
vanillin, g,
veal, to taste,
veal cheek, pcs.,
veal chops on the bone, pcs.,
veal escalopes, g,
veal liver, g,
veal schnitzels, pcs.,
veal tenderloin, g,
vegemite paste, g,
vegetable broth, to taste,
vegetable fat, g,
vegetable milk, glass,
vegetable mixture, g,
vegetable oil, g,
vegetable oil for frying, g,
vegetables, g,
venison, g,
vermicelli, g,
vermouth, g,
viburnum, to taste,
viburnum rubbed, g,
vinaigrette, g,
vinegar, g,
vinegar 9%, g,
vinegar essence, g,
violet syrup, g,
vitamin C powder, g,
vodka, g,
wafer cakes, g,
wafer crumb, g,
wafer rolls, g,
waffles, g,
walnut oil, tsp l.,
walnuts, g,
wasabi, g,
water, g,
watercress, g,
watermelon pulp, g,
watermelons, g,
wheat, g,
wheat bran, g,
wheat flakes, g,
wheat flour, g,
wheat germ, glass,
wheat germ flour, Art. l.,
wheat groats, g,
wheat sprouts, g,
whey protein, g,
whiskey, g,
white asparagus, g,
white beans, g,
white bread, g,
white cabbage, g,
white chocolate, g,
white chocolate drops, g,
white chocolate icing, g,
white crackers, g,
white fish, g,
white fish fillet, g,
white grapes, g,
white lima beans, g,
white nutmeg, ml,
white onion, to taste,
white pepper, g,
white peppercorns, to taste,
white radish, pcs.,
white roll, g,
white stale buns, g,
white table wine, glass,
white vermouth, g,
white wine, to taste,
white wine vinegar, g,
whitefish, g,
whole grain bread, g,
whole grain wheat flour, g,
whole grain wheat-rye crispbread, g,
wild boar meat, g,
wild garlic, g,
wild rice, g,
wild rice and golden mixture, g,
wine vinegar, g,
wine vinegar on tarragon, Art. l.,
wine vinegar with garlic, tsp l.,
yeast dough, to taste,
yeast puff pastry, kg,
yeast-free dough, g,
yeast-free puff pastry, to taste,
yellow cherry tomatoes, g,
yellow mustard seeds, g,
yellow tomatoes, pcs.,
yesterday's baguette, g,
yesterday's buns, pcs.,
yogurt, g,
young asparagus, g,
young carrots, g,
young garlic, g,
young goat meat, kg,
young grape leaves, pcs.,
young potatoes, g,
young spinach, g,
young zucchini, g,
yuzu juice, ml,
za'atar, pinch,
zaatar seasoning, h. l.,
zira, g,
zucchini, g,
zucchini, g,
zucchini flowers, pcs.,
